[{"pk": 1, "model": "app.recipetype", "fields": {"name": "Appetizer", "picture": "http://example.url/because-kapoy-ug-search.png"}}, {"pk": 2, "model": "app.recipetype", "fields": {"name": "Salad", "picture": "http://example.url/because-kapoy-ug-search.png"}}, {"pk": 3, "model": "app.recipetype", "fields": {"name": "Main Dish", "picture": "http://example.url/because-kapoy-ug-search.png"}}, {"pk": 4, "model": "app.recipetype", "fields": {"name": "Dessert", "picture": "http://example.url/because-kapoy-ug-search.png"}}, {"pk": 5, "model": "app.recipetype", "fields": {"name": "Breakfast", "picture": "http://example.url/because-kapoy-ug-search.png"}}, {"pk": 6, "model": "app.recipetype", "fields": {"name": "Lunch", "picture": "http://example.url/because-kapoy-ug-search.png"}}, {"pk": 1, "model": "app.ingredienttype", "fields": {"name": "Condiment", "picture": "http://example.url/because-kapoy-ug-search.png"}}, {"pk": 2, "model": "app.ingredienttype", "fields": {"name": "Vegetable", "picture": "http://example.url/because-kapoy-ug-search.png"}}, {"pk": 3, "model": "app.ingredienttype", "fields": {"name": "Fruit", "picture": "http://example.url/because-kapoy-ug-search.png"}}, {"pk": 4, "model": "app.ingredienttype", "fields": {"name": "Meat", "picture": "http://example.url/because-kapoy-ug-search.png"}}, {"pk": 5, "model": "app.ingredienttype", "fields": {"name": "Chicken", "picture": "http://example.url/because-kapoy-ug-search.png"}}, {"pk": 6, "model": "app.ingredienttype", "fields": {"name": "Sweetener", "picture": "http://example.url/because-kapoy-ug-search.png"}}, {"pk": 1, "model": "app.ingredient", "fields": {"name": "Vegetable Oil", "type": 1, "description": "Vegetable Oil's description", "banner": "http://i.imgur.com/pYexY9jl.jpg", "icon": "http://i.imgur.com/pYexY9js.jpg"}}, {"pk": 2, "model": "app.ingredient", "fields": {"name": "Onion", "type": 1, "description": "Onion's description", "banner": "http://i.imgur.com/zamxy4xl.jpg", "icon": "http://i.imgur.com/zamxy4xs.jpg"}}, {"pk": 3, "model": "app.ingredient", "fields": {"name": "salt", "type": 1, "description": "salt's description", "banner": "http://i.imgur.com/zHkbbo1l.jpg", "icon": "http://i.imgur.com/zHkbbo1s.jpg"}}, {"pk": 4, "model": "app.ingredient", "fields": {"name": "Ginger", "type": 2, "description": "Ginger's description", "banner": "http://i.imgur.com/dHY5Vpul.jpg", "icon": "http://i.imgur.com/dHY5Vpus.jpg"}}, {"pk": 5, "model": "app.ingredient", "fields": {"name": "Tomato", "type": 2, "description": "Tomato's description", "banner": "http://i.imgur.com/f3DZwbdl.jpg", "icon": "http://i.imgur.com/f3DZwbds.jpg"}}, {"pk": 6, "model": "app.ingredient", "fields": {"name": "Pork Chop", "type": 4, "description": "Pork Chop's description", "banner": "http://i.imgur.com/p3CqHdll.jpg", "icon": "http://i.imgur.com/p3CqHdls.jpg"}}, {"pk": 7, "model": "app.ingredient", "fields": {"name": "Water", "type": 1, "description": "Water's description", "banner": "http://i.imgur.com/QhtOQQHl.jpg", "icon": "http://i.imgur.com/QhtOQQHs.jpg"}}, {"pk": 8, "model": "app.ingredient", "fields": {"name": "Tamarind soup base", "type": 1, "description": "Tamarind soup base's description", "banner": "http://i.imgur.com/YBgnNDVl.jpg", "icon": "http://i.imgur.com/YBgnNDVs.jpg"}}, {"pk": 9, "model": "app.ingredient", "fields": {"name": "Green beans", "type": 2, "description": "Green beans' description", "banner": "http://i.imgur.com/kItqj0rl.jpg", "icon": "http://i.imgur.com/kItqj0rs.jpg"}}, {"pk": 10, "model": "app.ingredient", "fields": {"name": "potato", "type": 2, "description": "Earth grown Vegetable", "banner": "http://asasa.jpg", "icon": "http://asasa.jpg"}}, {"pk": 11, "model": "app.ingredient", "fields": {"name": "Butter", "type": 1, "description": "Butter ba", "banner": "http://hahaha.jpg", "icon": "http://hahaha.jpg"}}, {"pk": 12, "model": "app.ingredient", "fields": {"name": "Egg", "type": 5, "description": "Itlog sa manok", "banner": "http://tomatoes.jpg", "icon": "http://tomatoes.jpg"}}, {"pk": 13, "model": "app.ingredient", "fields": {"name": "glutinous rice", "type": 1, "description": "AKA malagkit / sticky rice", "banner": "http://image.jpg", "icon": "http://image.jpg"}}, {"pk": 14, "model": "app.ingredient", "fields": {"name": "Coconut Milk", "type": 6, "description": "Coconut Milk", "banner": "http://image.jpg", "icon": "http://image.jpg"}}, {"pk": 15, "model": "app.ingredient", "fields": {"name": "Sugar", "type": 6, "description": "Sugar Ba", "banner": "http://image.jpg", "icon": "http://image.jpg"}}, {"pk": 1, "model": "app.unitofmeasure", "fields": {"name": "tablespoon"}}, {"pk": 2, "model": "app.unitofmeasure", "fields": {"name": "piece"}}, {"pk": 3, "model": "app.unitofmeasure", "fields": {"name": "teaspoon"}}, {"pk": 4, "model": "app.unitofmeasure", "fields": {"name": "generic"}}, {"pk": 5, "model": "app.unitofmeasure", "fields": {"name": "pound"}}, {"pk": 6, "model": "app.unitofmeasure", "fields": {"name": "cup"}}, {"pk": 7, "model": "app.unitofmeasure", "fields": {"name": "package"}}, {"pk": 1, "model": "app.recipe", "fields": {"time_to_complete": 75.0, "banner": "http://i.imgur.com/8hV4cwdl.jpg", "default_serving_size": 4, "type": 3, "description": "Filipino soup cooked with pork. Serve with rice and for additional sauce, use soy or fish sauce. If you want to, you can add what Filipinos call gabi gabi, which is a small taro root. When peeled they look like potatoes. You can add 5 to 6 of them when you add the water and make sure they are cooked through. Take them out when they are cooked because they can get too soft.", "icon": "http://i.imgur.com/8hV4cwds.jpg", "name": "Pork Sinigang"}}, {"pk": 2, "model": "app.recipe", "fields": {"time_to_complete": 25.0, "banner": "http://i.imgur.com/7PwC04El.jpg", "default_serving_size": 3, "type": 3, "description": "Beef salpicao is a common choice of pulutan, yet it also makes as a popular and filling dinner item especially when consumed with heaps of rice. Thinking of the beef drippings swirled in a garlicky butter sauce is enough to make your mouth water, but the thought of consuming all those calories makes you want to think twice.", "icon": "http://i.imgur.com/7PwC04Es.jpg", "name": "Beef salpicao"}}, {"pk": 3, "model": "app.recipe", "fields": {"time_to_complete": 35.0, "banner": "http://i.imgur.com/7lWQllel.jpg", "default_serving_size": 4, "type": 1, "description": "Chicken Pizza", "icon": "http://i.imgur.com/7lWQlles.jpg", "name": "Chicken Pizza"}}, {"pk": 4, "model": "app.recipe", "fields": {"time_to_complete": 2.12, "banner": "http://i.imgur.com/0EeAAYVl.jpg", "default_serving_size": 4, "type": 1, "description": "Potato Chips", "icon": "http://i.imgur.com/0EeAAYVs.jpg", "name": "Homemade Potato chips"}}, {"pk": 5, "model": "app.recipe", "fields": {"time_to_complete": 0.25, "banner": "http://i.imgur.com/7lWQllel.jpg", "default_serving_size": 6, "type": 5, "description": "Sometimes, it\u2019s the simplest things in life that bring the most joy. Can you think of anything more comforting than a plate of fluffy Filipino scrambled eggs and toasted pandesal and a cup of steaming tsokolate in the morning?", "icon": "http://i.imgur.com/7lWQlles.jpg", "name": "Filipino Scrambled Eggs"}}, {"pk": 6, "model": "app.recipe", "fields": {"time_to_complete": 0.3, "banner": "http://i.imgur.com/RAr6R0Pl.jpg", "default_serving_size": 4, "type": 4, "description": "Biko is a Pinoy rice cake made from sticky rice (locally known as malagkit),fresh coconut milk, and brown sugar with caramel topping or latik.\r\n\r\nThis is referred to as kakanin (derived from the word \u201ckanin\u201d which means rice) and is often eaten as  meryenda (mid-afternoon snack).Traditionally, this delicious rice cake is placed over banana leaves in a bilao (round woven bamboo tray) and garnished with latik (cooked coconut milk residue) on top.", "icon": "http://i.imgur.com/RAr6R0Ps.jpg", "name": "Biko"}}, {"pk": 1, "model": "app.recipecomponent", "fields": {"recipe": 1, "ingredient": 1, "adjective": "", "quantity": 1.0, "extra": "", "unit_of_measure": 1}}, {"pk": 2, "model": "app.recipecomponent", "fields": {"recipe": 1, "ingredient": 2, "adjective": "small", "quantity": 1.0, "extra": "chopped", "unit_of_measure": 4}}, {"pk": 3, "model": "app.recipecomponent", "fields": {"recipe": 1, "ingredient": 3, "adjective": "", "quantity": 1.0, "extra": "", "unit_of_measure": 3}}, {"pk": 4, "model": "app.recipecomponent", "fields": {"recipe": 1, "ingredient": 4, "adjective": "fresh", "quantity": 1.5, "extra": "chopped", "unit_of_measure": 2}}, {"pk": 5, "model": "app.recipecomponent", "fields": {"recipe": 1, "ingredient": 5, "adjective": "plum", "quantity": 2.0, "extra": "cut into 1/2 inch dice", "unit_of_measure": 4}}, {"pk": 6, "model": "app.recipecomponent", "fields": {"recipe": 1, "ingredient": 6, "adjective": "bone-in", "quantity": 1.0, "extra": "", "unit_of_measure": 5}}, {"pk": 7, "model": "app.recipecomponent", "fields": {"recipe": 1, "ingredient": 7, "adjective": "", "quantity": 4.0, "extra": "more if needed", "unit_of_measure": 6}}, {"pk": 8, "model": "app.recipecomponent", "fields": {"recipe": 1, "ingredient": 8, "adjective": "1.41 ounce", "quantity": 1.0, "extra": "such as Knorr", "unit_of_measure": 7}}, {"pk": 9, "model": "app.recipecomponent", "fields": {"recipe": 1, "ingredient": 9, "adjective": "fresh", "quantity": 0.5, "extra": "trimmed", "unit_of_measure": 5}}, {"pk": 10, "model": "app.recipecomponent", "fields": {"recipe": 4, "ingredient": 10, "adjective": "", "quantity": 4.0, "extra": "cleaned", "unit_of_measure": 2}}, {"pk": 11, "model": "app.recipecomponent", "fields": {"recipe": 4, "ingredient": 3, "adjective": "", "quantity": 2.0, "extra": "", "unit_of_measure": 1}}, {"pk": 12, "model": "app.recipecomponent", "fields": {"recipe": 4, "ingredient": 7, "adjective": "", "quantity": 4.0, "extra": "", "unit_of_measure": 6}}, {"pk": 13, "model": "app.recipecomponent", "fields": {"recipe": 4, "ingredient": 1, "adjective": "", "quantity": 3.0, "extra": " or Cooking Oil", "unit_of_measure": 6}}, {"pk": 14, "model": "app.recipecomponent", "fields": {"recipe": 5, "ingredient": 11, "adjective": "", "quantity": 1.0, "extra": "", "unit_of_measure": 1}}, {"pk": 15, "model": "app.recipecomponent", "fields": {"recipe": 5, "ingredient": 5, "adjective": "", "quantity": 2.0, "extra": "", "unit_of_measure": 2}}, {"pk": 16, "model": "app.recipecomponent", "fields": {"recipe": 5, "ingredient": 2, "adjective": "", "quantity": 1.0, "extra": "", "unit_of_measure": 2}}, {"pk": 17, "model": "app.recipecomponent", "fields": {"recipe": 5, "ingredient": 3, "adjective": "", "quantity": 1.0, "extra": "", "unit_of_measure": 3}}, {"pk": 18, "model": "app.recipecomponent", "fields": {"recipe": 5, "ingredient": 12, "adjective": "", "quantity": 6.0, "extra": "", "unit_of_measure": 2}}, {"pk": 19, "model": "app.recipecomponent", "fields": {"recipe": 6, "ingredient": 13, "adjective": "", "quantity": 3.0, "extra": "", "unit_of_measure": 6}}, {"pk": 20, "model": "app.recipecomponent", "fields": {"recipe": 6, "ingredient": 14, "adjective": "", "quantity": 5.0, "extra": "", "unit_of_measure": 6}}, {"pk": 21, "model": "app.recipecomponent", "fields": {"recipe": 6, "ingredient": 15, "adjective": "", "quantity": 2.0, "extra": "Brown", "unit_of_measure": 6}}, {"pk": 22, "model": "app.recipecomponent", "fields": {"recipe": 6, "ingredient": 3, "adjective": "", "quantity": 1.5, "extra": "", "unit_of_measure": 3}}, {"pk": 1, "model": "app.step", "fields": {"sequence": 1, "instruction": "Heat the vegetable oil in a skillet over medium heat. Stir in the onion; cook and stir until the onion has softened and turned translucent, about 5 minutes. Season with salt. Stir in the ginger, tomatoes, and pork chops. Cover and reduce heat to medium-low. Turn the pork occasionally, until browned. Pour in the water and tamarind soup base. Bring to a boil, then reduce heat. Continue simmering until the pork is tender and cooked through, about 30 minutes. Stir in green beans and cook until tender.", "recipe": 1}}, {"pk": 2, "model": "app.step", "fields": {"sequence": 1, "instruction": "Slice the potatoes as thinly as possible then place in an open container", "recipe": 4}}, {"pk": 3, "model": "app.step", "fields": {"sequence": 2, "instruction": "Pour the water in the container with sliced potatoes (you may add additional water as needed).", "recipe": 4}}, {"pk": 4, "model": "app.step", "fields": {"sequence": 3, "instruction": "Add the salt and stir a little to completely dilute in water. Let the potatoes soak for a minimum of 2 hours.", "recipe": 4}}, {"pk": 5, "model": "app.step", "fields": {"sequence": 4, "instruction": "Deep fry the potatoes until the color turn golden brown and the texture become crispy.", "recipe": 4}}, {"pk": 6, "model": "app.step", "fields": {"sequence": 5, "instruction": "Remove from the deep-fryer and place in a container (don't forget to place paper towels on the container to absorb oil; add a dash of salt if desired).", "recipe": 4}}, {"pk": 7, "model": "app.step", "fields": {"sequence": 1, "instruction": "In a pan over low heat, add butter. When it begins to melt, add onions and cook for about 1 to 2 minutes or until limp.", "recipe": 5}}, {"pk": 8, "model": "app.step", "fields": {"sequence": 2, "instruction": " Add tomatoes and cook, mashing with back of spoon, until softened. Season with salt and pepper to taste.", "recipe": 5}}, {"pk": 9, "model": "app.step", "fields": {"sequence": 3, "instruction": "Pour eggs over tomato-onion mixture and allow to cook without stirring for about 20 to 30 seconds.", "recipe": 5}}, {"pk": 10, "model": "app.step", "fields": {"sequence": 4, "instruction": " When it begins to set, gently fold with tomatoes and onions until combined. Continue to cook until eggs are just set. Serve hot.", "recipe": 5}}, {"pk": 11, "model": "app.step", "fields": {"sequence": 1, "instruction": "Combine the sticky rice and coconut milk(pangalawang gata) in a rice cooker and cook until the rice is ready (we intentionally combined lesser amount of coconut milk than the usual so that the rice will not be fully cooked)", "recipe": 6}}, {"pk": 12, "model": "app.step", "fields": {"sequence": 2, "instruction": "While the rice is cooking, Make a Latik, combine the coconut milk in a separate pot and cook in low heat until it becomes latik. Stir constantly.!", "recipe": 6}}, {"pk": 13, "model": "app.step", "fields": {"sequence": 3, "instruction": "Combine the coconut milk with brown sugar and salt in a separate pot and cook in low heat until the texture becomes thick. Stir constantly. Once the rice is cooked and the coconut milk-sugar mixture is thick enough, add the cooked rice in the coconut milk and sugar mixture then mix well. Continue cooking until all the liquid evaporates (but do not overcook).", "recipe": 6}}, {"pk": 14, "model": "app.step", "fields": {"sequence": 4, "instruction": "Place the cooked biko in a serving plate then flatten the surface.", "recipe": 6}}, {"pk": 15, "model": "app.step", "fields": {"sequence": 5, "instruction": "Done! Share And Enjoy!", "recipe": 6}}]