[{"pk": 1, "fields": {"name": "Appetizer", "picture": "http://example.url/because-kapoy-ug-search.png"}, "model": "app.recipetype"}, {"pk": 2, "fields": {"name": "Salad", "picture": "http://example.url/because-kapoy-ug-search.png"}, "model": "app.recipetype"}, {"pk": 3, "fields": {"name": "Main Dish", "picture": "http://example.url/because-kapoy-ug-search.png"}, "model": "app.recipetype"}, {"pk": 4, "fields": {"name": "Dessert", "picture": "http://example.url/because-kapoy-ug-search.png"}, "model": "app.recipetype"}, {"pk": 5, "fields": {"name": "Breakfast", "picture": "http://example.url/because-kapoy-ug-search.png"}, "model": "app.recipetype"}, {"pk": 6, "fields": {"name": "Lunch", "picture": "http://example.url/because-kapoy-ug-search.png"}, "model": "app.recipetype"}, {"pk": 1, "fields": {"name": "Condiment", "picture": "http://example.url/because-kapoy-ug-search.png"}, "model": "app.ingredienttype"}, {"pk": 2, "fields": {"name": "Vegetable", "picture": "http://example.url/because-kapoy-ug-search.png"}, "model": "app.ingredienttype"}, {"pk": 3, "fields": {"name": "Fruit", "picture": "http://example.url/because-kapoy-ug-search.png"}, "model": "app.ingredienttype"}, {"pk": 4, "fields": {"name": "Meat", "picture": "http://example.url/because-kapoy-ug-search.png"}, "model": "app.ingredienttype"}, {"pk": 5, "fields": {"name": "Chicken", "picture": "http://example.url/because-kapoy-ug-search.png"}, "model": "app.ingredienttype"}, {"pk": 6, "fields": {"name": "Sweetener", "picture": "http://example.url/because-kapoy-ug-search.png"}, "model": "app.ingredienttype"}, {"pk": 1, "fields": {"name": "Vegetable Oil", "icon": "http://asasasasa.sasas/", "banner": "http://asasasasa.sasas/", "description": "Vegetable Oil's description", "type": 1}, "model": "app.ingredient"}, {"pk": 2, "fields": {"name": "Onion", "icon": "http://asasas.asa/", "banner": "http://asasas.asa/", "description": "Onion's description", "type": 1}, "model": "app.ingredient"}, {"pk": 3, "fields": {"name": "salt", "icon": "http://asasasasas.asa/", "banner": "http://asasasasas.asa/", "description": "salt's description", "type": 1}, "model": "app.ingredient"}, {"pk": 4, "fields": {"name": "Ginger", "icon": "http://asasasas.asa/", "banner": "http://asasasas.asa/", "description": "Ginger's description", "type": 2}, "model": "app.ingredient"}, {"pk": 5, "fields": {"name": "Tomato", "icon": "http://asasasas.asa/", "banner": "http://asasasas.asa/", "description": "Tomato's description", "type": 2}, "model": "app.ingredient"}, {"pk": 6, "fields": {"name": "Pork Chop", "icon": "http://asasasas.asa/", "banner": "http://asasasas.asa/", "description": "Pork Chop's description", "type": 4}, "model": "app.ingredient"}, {"pk": 7, "fields": {"name": "Water", "icon": "http://asasasa.sas/", "banner": "http://asasasa.sas/", "description": "Water's description", "type": 1}, "model": "app.ingredient"}, {"pk": 8, "fields": {"name": "Tamarind soup base", "icon": "http://asasasa.sas/", "banner": "http://asasasa.sas/", "description": "Tamarind soup base's description", "type": 1}, "model": "app.ingredient"}, {"pk": 9, "fields": {"name": "Green beans", "icon": "http://asasasas.asa/", "banner": "http://asasasas.asa/", "description": "Green beans' description", "type": 2}, "model": "app.ingredient"}, {"pk": 1, "fields": {"name": "tablespoon"}, "model": "app.unitofmeasure"}, {"pk": 2, "fields": {"name": "piece"}, "model": "app.unitofmeasure"}, {"pk": 3, "fields": {"name": "teaspoon"}, "model": "app.unitofmeasure"}, {"pk": 4, "fields": {"name": "generic"}, "model": "app.unitofmeasure"}, {"pk": 5, "fields": {"name": "pound"}, "model": "app.unitofmeasure"}, {"pk": 6, "fields": {"name": "cup"}, "model": "app.unitofmeasure"}, {"pk": 7, "fields": {"name": "package"}, "model": "app.unitofmeasure"}, {"pk": 1, "fields": {"description": "Filipino soup cooked with pork. Serve with rice and for additional sauce, use soy or fish sauce. If you want to, you can add what Filipinos call gabi gabi, which is a small taro root. When peeled they look like potatoes. You can add 5 to 6 of them when you add the water and make sure they are cooked through. Take them out when they are cooked because they can get too soft.", "banner": "http://i.imgur.com/8hV4cwdl.jpg", "time_to_complete": 75.0, "type": 3, "name": "Pork Sinigang", "icon": "http://i.imgur.com/8hV4cwds.jpg", "default_serving_size": 4}, "model": "app.recipe"}, {"pk": 2, "fields": {"description": "Beef salpicao is a common choice of pulutan, yet it also makes as a popular and filling dinner item especially when consumed with heaps of rice. Thinking of the beef drippings swirled in a garlicky butter sauce is enough to make your mouth water, but the thought of consuming all those calories makes you want to think twice.", "banner": "http://i.imgur.com/7PwC04El.jpg", "time_to_complete": 25.0, "type": 3, "name": "Beef salpicao", "icon": "http://i.imgur.com/7PwC04Es.jpg", "default_serving_size": 3}, "model": "app.recipe"}, {"pk": 3, "fields": {"description": "Chicken Pizza", "banner": "http://i.imgur.com/7lWQllel.jpg", "time_to_complete": 35.0, "type": 1, "name": "Chicken Pizza", "icon": "http://i.imgur.com/7lWQlles.jpg", "default_serving_size": 4}, "model": "app.recipe"}, {"pk": 1, "fields": {"extra": "", "unit_of_measure": 1, "recipe": 1, "quantity": 1.0, "adjective": "", "ingredient": 1}, "model": "app.recipecomponent"}, {"pk": 2, "fields": {"extra": "chopped", "unit_of_measure": 4, "recipe": 1, "quantity": 1.0, "adjective": "small", "ingredient": 2}, "model": "app.recipecomponent"}, {"pk": 3, "fields": {"extra": "", "unit_of_measure": 3, "recipe": 1, "quantity": 1.0, "adjective": "", "ingredient": 3}, "model": "app.recipecomponent"}, {"pk": 4, "fields": {"extra": "chopped", "unit_of_measure": 2, "recipe": 1, "quantity": 1.5, "adjective": "fresh", "ingredient": 4}, "model": "app.recipecomponent"}, {"pk": 5, "fields": {"extra": "cut into 1/2 inch dice", "unit_of_measure": 4, "recipe": 1, "quantity": 2.0, "adjective": "plum", "ingredient": 5}, "model": "app.recipecomponent"}, {"pk": 6, "fields": {"extra": "", "unit_of_measure": 5, "recipe": 1, "quantity": 1.0, "adjective": "bone-in", "ingredient": 6}, "model": "app.recipecomponent"}, {"pk": 7, "fields": {"extra": "more if needed", "unit_of_measure": 6, "recipe": 1, "quantity": 4.0, "adjective": "", "ingredient": 7}, "model": "app.recipecomponent"}, {"pk": 8, "fields": {"extra": "such as Knorr", "unit_of_measure": 7, "recipe": 1, "quantity": 1.0, "adjective": "1.41 ounce", "ingredient": 8}, "model": "app.recipecomponent"}, {"pk": 9, "fields": {"extra": "trimmed", "unit_of_measure": 5, "recipe": 1, "quantity": 0.5, "adjective": "fresh", "ingredient": 9}, "model": "app.recipecomponent"}, {"pk": 1, "fields": {"instruction": "Heat the vegetable oil in a skillet over medium heat. Stir in the onion; cook and stir until the onion has softened and turned translucent, about 5 minutes. Season with salt. Stir in the ginger, tomatoes, and pork chops. Cover and reduce heat to medium-low. Turn the pork occasionally, until browned. Pour in the water and tamarind soup base. Bring to a boil, then reduce heat. Continue simmering until the pork is tender and cooked through, about 30 minutes. Stir in green beans and cook until tender.", "recipe": 1, "sequence": 1}, "model": "app.step"}]
