[{"fields": {"picture": "http://example.url/because-kapoy-ug-search.png", "name": "Appetizer"}, "model": "app.recipetype", "pk": 1}, {"fields": {"picture": "http://example.url/because-kapoy-ug-search.png", "name": "Salad"}, "model": "app.recipetype", "pk": 2}, {"fields": {"picture": "http://example.url/because-kapoy-ug-search.png", "name": "Main Dish"}, "model": "app.recipetype", "pk": 3}, {"fields": {"picture": "http://example.url/because-kapoy-ug-search.png", "name": "Dessert"}, "model": "app.recipetype", "pk": 4}, {"fields": {"picture": "http://example.url/because-kapoy-ug-search.png", "name": "Breakfast"}, "model": "app.recipetype", "pk": 5}, {"fields": {"picture": "http://example.url/because-kapoy-ug-search.png", "name": "Lunch"}, "model": "app.recipetype", "pk": 6}, {"fields": {"picture": "http://example.url/because-kapoy-ug-search.png", "name": "Chicken"}, "model": "app.recipetype", "pk": 7}, {"fields": {"picture": "http://example.url/because-kapoy-ug-search.png", "name": "Condiment"}, "model": "app.ingredienttype", "pk": 1}, {"fields": {"picture": "http://example.url/because-kapoy-ug-search.png", "name": "Vegetable"}, "model": "app.ingredienttype", "pk": 2}, {"fields": {"picture": "http://example.url/because-kapoy-ug-search.png", "name": "Fruit"}, "model": "app.ingredienttype", "pk": 3}, {"fields": {"picture": "http://example.url/because-kapoy-ug-search.png", "name": "Meat"}, "model": "app.ingredienttype", "pk": 4}, {"fields": {"picture": "http://example.url/because-kapoy-ug-search.png", "name": "Chicken"}, "model": "app.ingredienttype", "pk": 5}, {"fields": {"picture": "http://example.url/because-kapoy-ug-search.png", "name": "Sweetener"}, "model": "app.ingredienttype", "pk": 6}, {"fields": {"type": 1, "banner": "http://example.url/because-kapoy-ug-search.png", "description": "mantika :)", "name": "cooking oil", "icon": "http://example.url/because-kapoy-ug-search.png"}, "model": "app.ingredient", "pk": 1}, {"fields": {"type": 5, "banner": "http://asas.caa/", "description": "chicken thigh", "name": "Chicken Thigh", "icon": "http://asas.asa/"}, "model": "app.ingredient", "pk": 2}, {"fields": {"type": 1, "banner": "http://asassasa.sas/", "description": "oyster sauce", "name": "oyster sauce", "icon": "http://asassasa.sas/"}, "model": "app.ingredient", "pk": 3}, {"fields": {"type": 1, "banner": "http://asasas.asas/", "description": "Worcestershire sauce", "name": "Worcestershire sauce", "icon": "http://asasas.asas/"}, "model": "app.ingredient", "pk": 4}, {"fields": {"type": 1, "banner": "http://asasas.asa/", "description": "Soy sauce", "name": "Soy sauce", "icon": "http://asasas.asa/"}, "model": "app.ingredient", "pk": 5}, {"fields": {"type": 6, "banner": "http://asasas.com/", "description": "Sugar", "name": "Sugar", "icon": "http://asasas.com/"}, "model": "app.ingredient", "pk": 6}, {"fields": {"type": 1, "banner": "http://asasa.asas/", "description": "red chili pepper flakes", "name": "red chili pepper flakes", "icon": "http://asasa.asas/"}, "model": "app.ingredient", "pk": 7}, {"fields": {"name": "tablespoon"}, "model": "app.unitofmeasure", "pk": 1}, {"fields": {"name": "teaspoon"}, "model": "app.unitofmeasure", "pk": 2}, {"fields": {"name": "cup"}, "model": "app.unitofmeasure", "pk": 3}, {"fields": {"name": "pinch"}, "model": "app.unitofmeasure", "pk": 4}, {"fields": {"name": "kilogram"}, "model": "app.unitofmeasure", "pk": 5}, {"fields": {"name": "gram"}, "model": "app.unitofmeasure", "pk": 6}, {"fields": {"extra": "", "quantity": 1.0, "unit_of_measure": 3, "ingredient": 1}, "model": "app.recipecomponent", "pk": 1}, {"fields": {"extra": "cut into cubes", "quantity": 0.5, "unit_of_measure": 5, "ingredient": 2}, "model": "app.recipecomponent", "pk": 2}, {"fields": {"extra": "", "quantity": 2.0, "unit_of_measure": 1, "ingredient": 3}, "model": "app.recipecomponent", "pk": 3}, {"fields": {"extra": "", "quantity": 2.0, "unit_of_measure": 1, "ingredient": 4}, "model": "app.recipecomponent", "pk": 4}, {"fields": {"extra": "", "quantity": 1.0, "unit_of_measure": 1, "ingredient": 5}, "model": "app.recipecomponent", "pk": 5}, {"fields": {"extra": "", "quantity": 0.25, "unit_of_measure": 2, "ingredient": 6}, "model": "app.recipecomponent", "pk": 6}, {"fields": {"extra": "", "quantity": 0.25, "unit_of_measure": 2, "ingredient": 7}, "model": "app.recipecomponent", "pk": 7}, {"fields": {"description": "Salpicao is a dish of Spanish or Portuguese origin\u2014though the Spanish \u201csalpicar\u201d, which means \u201cto fleck with\u201d and the Portuguese salpicao involving sausage from different kinds of meat are much different from what we eat here in the Philippines. This much-beloved delicacy is traditionally made by saut\u00e9ing small cubes of beef sirloin with garlic and olive oil, often with soy sauce or Worcestershire sauce added for flavor.\r\n\r\nIn this version, chicken is a leaner substitute for beef which is still packed with protein\u2014choosing chicken will cut the risk of developing a stroke, and it has much fewer calories. Choosing chicken also means no more worrying about using too chewy a cut for beef, as well-cooked chicken is tender and melts in your mouth. Olive oil can help prevent some cancers, reduce the risk of coronary heart disease and is one of the healthiest fats you can eat. The tasty saut\u00e9ed garlic in salpicao is a seasoning that lowers cholesterol levels and is rich in Vitamins C and B6, as well as manganese\u2014it also helps reduce symptoms if you have a cold!\r\n\r\nThis delicious Chicken Salpicao Recipe is packed with flavor and can be cooked in no time at all.", "banner": "http://example.url/", "recipe_components": [2, 3, 4, 5, 6, 7], "icon": "http://example.url/", "type": 7, "name": "Chicken Salpicao Recipe"}, "model": "app.recipe", "pk": 1}, {"fields": {"instruction": "Prepare all the marinade ingredients and in a large bowl, pour Oyster Sauce.", "recipe": 1, "sequence": 2}, "model": "app.step", "pk": 1}, {"fields": {"instruction": "Add the Worcestershire Sauce, Soy sauce, Olive oil, half of the minced garlic, chilli pepper flakes, black pepper, sugar and salt.", "recipe": 1, "sequence": 1}, "model": "app.step", "pk": 2}, {"fields": {"instruction": "Using a whisk mix all the ingredients until the sugar is dissolve.", "recipe": 1, "sequence": 3}, "model": "app.step", "pk": 3}, {"fields": {"instruction": "Add the chicken slices into the marinade then mix well.", "recipe": 1, "sequence": 4}, "model": "app.step", "pk": 4}, {"fields": {"instruction": "Add the butter to the frying pan then saute the remaining garlic.", "recipe": 1, "sequence": 5}, "model": "app.step", "pk": 5}, {"fields": {"instruction": "When the garlic turns brown remove from the pan and set aside.", "recipe": 1, "sequence": 6}, "model": "app.step", "pk": 6}, {"fields": {"instruction": "In the same pan, Fry the chicken in batches.", "recipe": 1, "sequence": 7}, "model": "app.step", "pk": 7}, {"fields": {"instruction": "When the final batch is almost cooked add the mushrooms and mix well.", "recipe": 1, "sequence": 8}, "model": "app.step", "pk": 8}, {"fields": {"instruction": "Bring back all the cooked chicken into the pan, then add the marinade sauce and mix thoroughly.", "recipe": 1, "sequence": 9}, "model": "app.step", "pk": 9}, {"fields": {"instruction": "Cover the Pan and simmer for 2 minutes.", "recipe": 1, "sequence": 10}, "model": "app.step", "pk": 10}, {"fields": {"instruction": "After 2 minutes remove cover and add the fried garlic on top.", "recipe": 1, "sequence": 11}, "model": "app.step", "pk": 11}, {"fields": {"instruction": "Serve with steamed rice.", "recipe": 1, "sequence": 12}, "model": "app.step", "pk": 12}]