[{"fields": {"model": "logentry", "app_label": "admin"}, "model": "contenttypes.contenttype", "pk": 1}, {"fields": {"model": "permission", "app_label": "auth"}, "model": "contenttypes.contenttype", "pk": 2}, {"fields": {"model": "group", "app_label": "auth"}, "model": "contenttypes.contenttype", "pk": 3}, {"fields": {"model": "user", "app_label": "auth"}, "model": "contenttypes.contenttype", "pk": 4}, {"fields": {"model": "contenttype", "app_label": "contenttypes"}, "model": "contenttypes.contenttype", "pk": 5}, {"fields": {"model": "session", "app_label": "sessions"}, "model": "contenttypes.contenttype", "pk": 6}, {"fields": {"model": "recipetype", "app_label": "app"}, "model": "contenttypes.contenttype", "pk": 7}, {"fields": {"model": "ingredienttype", "app_label": "app"}, "model": "contenttypes.contenttype", "pk": 8}, {"fields": {"model": "ingredient", "app_label": "app"}, "model": "contenttypes.contenttype", "pk": 9}, {"fields": {"model": "unitofmeasure", "app_label": "app"}, "model": "contenttypes.contenttype", "pk": 10}, {"fields": {"model": "recipe", "app_label": "app"}, "model": "contenttypes.contenttype", "pk": 11}, {"fields": {"model": "recipecomponent", "app_label": "app"}, "model": "contenttypes.contenttype", "pk": 12}, {"fields": {"model": "step", "app_label": "app"}, "model": "contenttypes.contenttype", "pk": 13}, {"fields": {"model": "rating", "app_label": "app"}, "model": "contenttypes.contenttype", "pk": 14}, {"fields": {"expire_date": "2015-08-29T04:17:31.808Z", "session_data": "ZGZlYTJjZjBjOWJkNjI4NzI3YTYyNDViZTMwZTg2NTQ2ZWQ0Mzk3ZTp7Il9hdXRoX3VzZXJfaGFzaCI6IjNlMmMxZDA2ZThmZDMzYjE5NTdmZmZkYzJlNjY3YjY3ZmM0YTEzZDQiLCJfYXV0aF91c2VyX2JhY2tlbmQiOiJkamFuZ28uY29udHJpYi5hdXRoLmJhY2tlbmRzLk1vZGVsQmFja2VuZCIsIl9hdXRoX3VzZXJfaWQiOiIxIn0="}, "model": "sessions.session", "pk": "832u789y598kw7yljytmsdrcxijp0l83"}, {"fields": {"picture": "http://example.url/because-kapoy-ug-search.png", "name": "Appetizer"}, "model": "app.recipetype", "pk": 1}, {"fields": {"picture": "http://example.url/because-kapoy-ug-search.png", "name": "Salad"}, "model": "app.recipetype", "pk": 2}, {"fields": {"picture": "http://example.url/because-kapoy-ug-search.png", "name": "Main Dish"}, "model": "app.recipetype", "pk": 3}, {"fields": {"picture": "http://example.url/because-kapoy-ug-search.png", "name": "Dessert"}, "model": "app.recipetype", "pk": 4}, {"fields": {"picture": "http://example.url/because-kapoy-ug-search.png", "name": "Breakfast"}, "model": "app.recipetype", "pk": 5}, {"fields": {"picture": "http://example.url/because-kapoy-ug-search.png", "name": "Lunch"}, "model": "app.recipetype", "pk": 6}, {"fields": {"picture": "http://example.url/because-kapoy-ug-search.png", "name": "Condiment"}, "model": "app.ingredienttype", "pk": 1}, {"fields": {"picture": "http://example.url/because-kapoy-ug-search.png", "name": "Vegetable"}, "model": "app.ingredienttype", "pk": 2}, {"fields": {"picture": "http://example.url/because-kapoy-ug-search.png", "name": "Fruit"}, "model": "app.ingredienttype", "pk": 3}, {"fields": {"picture": "http://example.url/because-kapoy-ug-search.png", "name": "Meat"}, "model": "app.ingredienttype", "pk": 4}, {"fields": {"picture": "http://example.url/because-kapoy-ug-search.png", "name": "Chicken"}, "model": "app.ingredienttype", "pk": 5}, {"fields": {"picture": "http://example.url/because-kapoy-ug-search.png", "name": "Sweetener"}, "model": "app.ingredienttype", "pk": 6}, {"fields": {"type": 1, "banner": "http://asasasasa.sasas/", "description": "Vegetable Oil's description", "name": "Vegetable Oil", "icon": "http://asasasasa.sasas/"}, "model": "app.ingredient", "pk": 1}, {"fields": {"type": 1, "banner": "http://asasas.asa/", "description": "Onion's description", "name": "Onion", "icon": "http://asasas.asa/"}, "model": "app.ingredient", "pk": 2}, {"fields": {"type": 1, "banner": "http://asasasasas.asa/", "description": "salt's description", "name": "salt", "icon": "http://asasasasas.asa/"}, "model": "app.ingredient", "pk": 3}, {"fields": {"type": 2, "banner": "http://asasasas.asa/", "description": "Ginger's description", "name": "Ginger", "icon": "http://asasasas.asa/"}, "model": "app.ingredient", "pk": 4}, {"fields": {"type": 2, "banner": "http://asasasas.asa/", "description": "Tomato's description", "name": "Tomato", "icon": "http://asasasas.asa/"}, "model": "app.ingredient", "pk": 5}, {"fields": {"type": 4, "banner": "http://asasasas.asa/", "description": "Pork Chop's description", "name": "Pork Chop", "icon": "http://asasasas.asa/"}, "model": "app.ingredient", "pk": 6}, {"fields": {"type": 1, "banner": "http://asasasa.sas/", "description": "Water's description", "name": "Water", "icon": "http://asasasa.sas/"}, "model": "app.ingredient", "pk": 7}, {"fields": {"type": 1, "banner": "http://asasasa.sas/", "description": "Tamarind soup base's description", "name": "Tamarind soup base", "icon": "http://asasasa.sas/"}, "model": "app.ingredient", "pk": 8}, {"fields": {"type": 2, "banner": "http://asasasas.asa/", "description": "Green beans' description", "name": "Green beans", "icon": "http://asasasas.asa/"}, "model": "app.ingredient", "pk": 9}, {"fields": {"name": "tablespoon"}, "model": "app.unitofmeasure", "pk": 1}, {"fields": {"name": "piece"}, "model": "app.unitofmeasure", "pk": 2}, {"fields": {"name": "teaspoon"}, "model": "app.unitofmeasure", "pk": 3}, {"fields": {"name": "generic"}, "model": "app.unitofmeasure", "pk": 4}, {"fields": {"name": "pound"}, "model": "app.unitofmeasure", "pk": 5}, {"fields": {"name": "cup"}, "model": "app.unitofmeasure", "pk": 6}, {"fields": {"name": "package"}, "model": "app.unitofmeasure", "pk": 7}, {"fields": {"name": "Pork Sinigang", "type": 3, "description": "Filipino soup cooked with pork. Serve with rice and for additional sauce, use soy or fish sauce. If you want to, you can add what Filipinos call gabi gabi, which is a small taro root. When peeled they look like potatoes. You can add 5 to 6 of them when you add the water and make sure they are cooked through. Take them out when they are cooked because they can get too soft.", "time_to_complete": 1.25, "default_serving_size": 4, "banner": "http://asasass.ass/", "icon": "http://asasass.ass/"}, "model": "app.recipe", "pk": 1}, {"fields": {"unit_of_measure": 1, "extra": "", "recipe": 1, "adjective": "", "quantity": 1.0, "ingredient": 1}, "model": "app.recipecomponent", "pk": 1}, {"fields": {"unit_of_measure": 4, "extra": "chopped", "recipe": 1, "adjective": "small", "quantity": 1.0, "ingredient": 2}, "model": "app.recipecomponent", "pk": 2}, {"fields": {"unit_of_measure": 3, "extra": "", "recipe": 1, "adjective": "", "quantity": 1.0, "ingredient": 3}, "model": "app.recipecomponent", "pk": 3}, {"fields": {"unit_of_measure": 2, "extra": "chopped", "recipe": 1, "adjective": "fresh", "quantity": 1.5, "ingredient": 4}, "model": "app.recipecomponent", "pk": 4}, {"fields": {"unit_of_measure": 4, "extra": "cut into 1/2 inch dice", "recipe": 1, "adjective": "plum", "quantity": 2.0, "ingredient": 5}, "model": "app.recipecomponent", "pk": 5}, {"fields": {"unit_of_measure": 5, "extra": "", "recipe": 1, "adjective": "bone-in", "quantity": 1.0, "ingredient": 6}, "model": "app.recipecomponent", "pk": 6}, {"fields": {"unit_of_measure": 6, "extra": "more if needed", "recipe": 1, "adjective": "", "quantity": 4.0, "ingredient": 7}, "model": "app.recipecomponent", "pk": 7}, {"fields": {"unit_of_measure": 7, "extra": "such as Knorr", "recipe": 1, "adjective": "1.41 ounce", "quantity": 1.0, "ingredient": 8}, "model": "app.recipecomponent", "pk": 8}, {"fields": {"unit_of_measure": 5, "extra": "trimmed", "recipe": 1, "adjective": "fresh", "quantity": 0.5, "ingredient": 9}, "model": "app.recipecomponent", "pk": 9}, {"fields": {"instruction": "Heat the vegetable oil in a skillet over medium heat. Stir in the onion; cook and stir until the onion has softened and turned translucent, about 5 minutes. Season with salt. Stir in the ginger, tomatoes, and pork chops. Cover and reduce heat to medium-low. Turn the pork occasionally, until browned. Pour in the water and tamarind soup base. Bring to a boil, then reduce heat. Continue simmering until the pork is tender and cooked through, about 30 minutes. Stir in green beans and cook until tender.", "recipe": 1, "sequence": 1}, "model": "app.step", "pk": 1}, {"fields": {"codename": "add_logentry", "name": "Can add log entry", "content_type": 1}, "model": "auth.permission", "pk": 1}, {"fields": {"codename": "change_logentry", "name": "Can change log entry", "content_type": 1}, "model": "auth.permission", "pk": 2}, {"fields": {"codename": "delete_logentry", "name": "Can delete log entry", "content_type": 1}, "model": "auth.permission", "pk": 3}, {"fields": {"codename": "add_permission", "name": "Can add permission", "content_type": 2}, "model": "auth.permission", "pk": 4}, {"fields": {"codename": "change_permission", "name": "Can change permission", "content_type": 2}, "model": "auth.permission", "pk": 5}, {"fields": {"codename": "delete_permission", "name": "Can delete permission", "content_type": 2}, "model": "auth.permission", "pk": 6}, {"fields": {"codename": "add_group", "name": "Can add group", "content_type": 3}, "model": "auth.permission", "pk": 7}, {"fields": {"codename": "change_group", "name": "Can change group", "content_type": 3}, "model": "auth.permission", "pk": 8}, {"fields": {"codename": "delete_group", "name": "Can delete group", "content_type": 3}, "model": "auth.permission", "pk": 9}, {"fields": {"codename": "add_user", "name": "Can add user", "content_type": 4}, "model": "auth.permission", "pk": 10}, {"fields": {"codename": "change_user", "name": "Can change user", "content_type": 4}, "model": "auth.permission", "pk": 11}, {"fields": {"codename": "delete_user", "name": "Can delete user", "content_type": 4}, "model": "auth.permission", "pk": 12}, {"fields": {"codename": "add_contenttype", "name": "Can add content type", "content_type": 5}, "model": "auth.permission", "pk": 13}, {"fields": {"codename": "change_contenttype", "name": "Can change content type", "content_type": 5}, "model": "auth.permission", "pk": 14}, {"fields": {"codename": "delete_contenttype", "name": "Can delete content type", "content_type": 5}, "model": "auth.permission", "pk": 15}, {"fields": {"codename": "add_session", "name": "Can add session", "content_type": 6}, "model": "auth.permission", "pk": 16}, {"fields": {"codename": "change_session", "name": "Can change session", "content_type": 6}, "model": "auth.permission", "pk": 17}, {"fields": {"codename": "delete_session", "name": "Can delete session", "content_type": 6}, "model": "auth.permission", "pk": 18}, {"fields": {"codename": "add_recipetype", "name": "Can add recipe type", "content_type": 7}, "model": "auth.permission", "pk": 19}, {"fields": {"codename": "change_recipetype", "name": "Can change recipe type", "content_type": 7}, "model": "auth.permission", "pk": 20}, {"fields": {"codename": "delete_recipetype", "name": "Can delete recipe type", "content_type": 7}, "model": "auth.permission", "pk": 21}, {"fields": {"codename": "add_ingredienttype", "name": "Can add ingredient type", "content_type": 8}, "model": "auth.permission", "pk": 22}, {"fields": {"codename": "change_ingredienttype", "name": "Can change ingredient type", "content_type": 8}, "model": "auth.permission", "pk": 23}, {"fields": {"codename": "delete_ingredienttype", "name": "Can delete ingredient type", "content_type": 8}, "model": "auth.permission", "pk": 24}, {"fields": {"codename": "add_ingredient", "name": "Can add ingredient", "content_type": 9}, "model": "auth.permission", "pk": 25}, {"fields": {"codename": "change_ingredient", "name": "Can change ingredient", "content_type": 9}, "model": "auth.permission", "pk": 26}, {"fields": {"codename": "delete_ingredient", "name": "Can delete ingredient", "content_type": 9}, "model": "auth.permission", "pk": 27}, {"fields": {"codename": "add_unitofmeasure", "name": "Can add unit of measure", "content_type": 10}, "model": "auth.permission", "pk": 28}, {"fields": {"codename": "change_unitofmeasure", "name": "Can change unit of measure", "content_type": 10}, "model": "auth.permission", "pk": 29}, {"fields": {"codename": "delete_unitofmeasure", "name": "Can delete unit of measure", "content_type": 10}, "model": "auth.permission", "pk": 30}, {"fields": {"codename": "add_recipe", "name": "Can add recipe", "content_type": 11}, "model": "auth.permission", "pk": 31}, {"fields": {"codename": "change_recipe", "name": "Can change recipe", "content_type": 11}, "model": "auth.permission", "pk": 32}, {"fields": {"codename": "delete_recipe", "name": "Can delete recipe", "content_type": 11}, "model": "auth.permission", "pk": 33}, {"fields": {"codename": "add_recipecomponent", "name": "Can add recipe component", "content_type": 12}, "model": "auth.permission", "pk": 34}, {"fields": {"codename": "change_recipecomponent", "name": "Can change recipe component", "content_type": 12}, "model": "auth.permission", "pk": 35}, {"fields": {"codename": "delete_recipecomponent", "name": "Can delete recipe component", "content_type": 12}, "model": "auth.permission", "pk": 36}, {"fields": {"codename": "add_step", "name": "Can add step", "content_type": 13}, "model": "auth.permission", "pk": 37}, {"fields": {"codename": "change_step", "name": "Can change step", "content_type": 13}, "model": "auth.permission", "pk": 38}, {"fields": {"codename": "delete_step", "name": "Can delete step", "content_type": 13}, "model": "auth.permission", "pk": 39}, {"fields": {"codename": "add_rating", "name": "Can add rating", "content_type": 14}, "model": "auth.permission", "pk": 40}, {"fields": {"codename": "change_rating", "name": "Can change rating", "content_type": 14}, "model": "auth.permission", "pk": 41}, {"fields": {"codename": "delete_rating", "name": "Can delete rating", "content_type": 14}, "model": "auth.permission", "pk": 42}, {"fields": {"username": "admin", "first_name": "", "last_name": "", "is_active": true, "is_superuser": true, "is_staff": true, "last_login": "2015-08-15T04:17:31.690Z", "groups": [], "user_permissions": [], "password": "pbkdf2_sha256$20000$LacdRBx1nCm2$W3mZkFSkj67eDQ8iODn6RQHxifbiK85JaDnghoXd76c=", "email": "admin@admin.com", "date_joined": "2015-08-15T04:17:08.233Z"}, "model": "auth.user", "pk": 1}, {"fields": {"action_flag": 1, "action_time": "2015-08-15T04:33:48.256Z", "object_repr": "tablespoon", "object_id": "1", "change_message": "", "user": 1, "content_type": 10}, "model": "admin.logentry", "pk": 1}, {"fields": {"action_flag": 1, "action_time": "2015-08-15T04:34:25.911Z", "object_repr": "Vegetable oil", "object_id": "1", "change_message": "", "user": 1, "content_type": 9}, "model": "admin.logentry", "pk": 2}, {"fields": {"action_flag": 1, "action_time": "2015-08-15T04:35:07.652Z", "object_repr": "piece", "object_id": "2", "change_message": "", "user": 1, "content_type": 10}, "model": "admin.logentry", "pk": 3}, {"fields": {"action_flag": 1, "action_time": "2015-08-15T04:36:14.584Z", "object_repr": "Onion", "object_id": "2", "change_message": "", "user": 1, "content_type": 9}, "model": "admin.logentry", "pk": 4}, {"fields": {"action_flag": 1, "action_time": "2015-08-15T04:36:29.064Z", "object_repr": "teaspoon", "object_id": "3", "change_message": "", "user": 1, "content_type": 10}, "model": "admin.logentry", "pk": 5}, {"fields": {"action_flag": 1, "action_time": "2015-08-15T04:36:49.146Z", "object_repr": "Salt", "object_id": "3", "change_message": "", "user": 1, "content_type": 9}, "model": "admin.logentry", "pk": 6}, {"fields": {"action_flag": 1, "action_time": "2015-08-15T04:38:34.526Z", "object_repr": "Pork sinigang", "object_id": "1", "change_message": "", "user": 1, "content_type": 11}, "model": "admin.logentry", "pk": 7}, {"fields": {"action_flag": 1, "action_time": "2015-08-15T04:40:53.015Z", "object_repr": "Ginger", "object_id": "4", "change_message": "", "user": 1, "content_type": 9}, "model": "admin.logentry", "pk": 8}, {"fields": {"action_flag": 1, "action_time": "2015-08-15T04:42:02.215Z", "object_repr": "Tomato", "object_id": "5", "change_message": "", "user": 1, "content_type": 9}, "model": "admin.logentry", "pk": 9}, {"fields": {"action_flag": 2, "action_time": "2015-08-15T04:44:47.586Z", "object_repr": "Pork sinigang", "object_id": "1", "change_message": "Added recipe component \"1.5 piece of Ginger, chopped\". Added recipe component \"2.0 piece of Tomato, cut into 1/2 inch dice\".", "user": 1, "content_type": 11}, "model": "admin.logentry", "pk": 10}, {"fields": {"action_flag": 1, "action_time": "2015-08-15T04:45:56.961Z", "object_repr": "generic", "object_id": "4", "change_message": "", "user": 1, "content_type": 10}, "model": "admin.logentry", "pk": 11}, {"fields": {"action_flag": 2, "action_time": "2015-08-15T04:46:07.812Z", "object_repr": "Pork sinigang", "object_id": "1", "change_message": "Changed adjective and unit_of_measure for recipe component \"1.0 generic of Onion, chopped\". Changed adjective for recipe component \"1.5 piece of Ginger, chopped\". Changed adjective for recipe component \"2.0 piece of Tomato, cut into 1/2 inch dice\".", "user": 1, "content_type": 11}, "model": "admin.logentry", "pk": 12}, {"fields": {"action_flag": 1, "action_time": "2015-08-15T04:46:31.613Z", "object_repr": "pound", "object_id": "5", "change_message": "", "user": 1, "content_type": 10}, "model": "admin.logentry", "pk": 13}, {"fields": {"action_flag": 1, "action_time": "2015-08-15T04:47:04.246Z", "object_repr": "Pork chop", "object_id": "6", "change_message": "", "user": 1, "content_type": 9}, "model": "admin.logentry", "pk": 14}, {"fields": {"action_flag": 1, "action_time": "2015-08-15T04:47:25.278Z", "object_repr": "cup", "object_id": "6", "change_message": "", "user": 1, "content_type": 10}, "model": "admin.logentry", "pk": 15}, {"fields": {"action_flag": 1, "action_time": "2015-08-15T04:47:58.628Z", "object_repr": "Water", "object_id": "7", "change_message": "", "user": 1, "content_type": 9}, "model": "admin.logentry", "pk": 16}, {"fields": {"action_flag": 1, "action_time": "2015-08-15T04:49:03.868Z", "object_repr": "package", "object_id": "7", "change_message": "", "user": 1, "content_type": 10}, "model": "admin.logentry", "pk": 17}, {"fields": {"action_flag": 1, "action_time": "2015-08-15T04:49:31.980Z", "object_repr": "Tamarind soup base", "object_id": "8", "change_message": "", "user": 1, "content_type": 9}, "model": "admin.logentry", "pk": 18}, {"fields": {"action_flag": 2, "action_time": "2015-08-15T04:49:53.893Z", "object_repr": "Pork sinigang", "object_id": "1", "change_message": "Added recipe component \"1.0 pound of Pork Chop\". Added recipe component \"4.0 cup of Water, more if needed\". Added recipe component \"1.0 package of Tamarind soup base, such as Knorr\". Changed unit_of_measure for recipe component \"2.0 generic of Tomato, cut into 1/2 inch dice\".", "user": 1, "content_type": 11}, "model": "admin.logentry", "pk": 19}, {"fields": {"action_flag": 1, "action_time": "2015-08-15T04:50:45.423Z", "object_repr": "Green beans", "object_id": "9", "change_message": "", "user": 1, "content_type": 9}, "model": "admin.logentry", "pk": 20}, {"fields": {"action_flag": 2, "action_time": "2015-08-15T04:50:58.420Z", "object_repr": "Pork sinigang", "object_id": "1", "change_message": "Added recipe component \"0.5 pound of Green beans, trimmed\".", "user": 1, "content_type": 11}, "model": "admin.logentry", "pk": 21}, {"fields": {"action_flag": 2, "action_time": "2015-08-15T04:56:28.643Z", "object_repr": "Pork sinigang", "object_id": "1", "change_message": "Added step \"Step 1\".", "user": 1, "content_type": 11}, "model": "admin.logentry", "pk": 22}]